{"BattleFsm":{"CatchSuccess":{"Y":5574.79443359375,"X":6919.45947265625},"TeamBattleOver":{"Y":1211.8052978515626,"X":518.4288330078125},"RoundSelect":{"Y":4594.0556640625,"X":5146.396484375},"RoleShow":{"Y":1608.6416015625,"X":2859.0322265625},"TeamBloodEnter":{"Y":200,"X":200},"TeamBloodReconnectEnter":{"Y":292.3582763671875,"X":823.0733642578125},"RoundPlay":{"Y":4464.25244140625,"X":6329.8388671875},"SeamlessOver":{"Y":5828.091796875,"X":6752.65625},"PVPReconnectEnter":{"Y":4257.13525390625,"X":2848.15283203125},"FailOver":{"Y":2727.296142578125,"X":6861.12255859375},"Y":3689.457275390625,"X":-362.74365234375,"PVERoleShow":{"Y":2881.778076171875,"X":2851.48193359375},"LeaveBattlePureBlackOut":{"Y":6292.41015625,"X":7090.0458984375},"SwapSelect":{"Y":3504.72216796875,"X":4565.994140625},"ReBuildBattleFieldState":{"Y":326.8203125,"X":1461.3104248046876},"EnterLeaderPerform":{"Y":2334.523193359375,"X":1209.82421875},"NormalOver":{"Y":2092.42724609375,"X":6824.6455078125},"RevertTeamBattleState":{"Y":705.9027709960938,"X":1436.4974365234376},"Destroy":{"Y":4328.1728515625,"X":7357.052734375},"StartInstant":{"Y":4940.904296875,"X":5612.15576171875},"PVESpecialDelayRoleShowState":{"Y":2602.439208984375,"X":2856.0654296875},"DirectOver":{"Y":852.0217895507813,"X":1170.4508056640626},"PVPOver":{"Y":5038.3515625,"X":6887.1240234375},"WaitingOther":{"Y":2327.595458984375,"X":5932.55224609375},"TeamBattleCatch":{"Y":510.15838623046877,"X":1068.4432373046876},"ThrowBallEnter":{"Y":2948.639404296875,"X":1868.5771484375},"SelectRidPet":{"Y":898.9819946289063,"X":807.3585205078125},"EnemyEscape":{"Y":3384.01513671875,"X":6863.14013671875},"EvolutionSelect":{"Y":5336.96923828125,"X":4580.17236328125},"PrePlay":{"Y":2260.73095703125,"X":4254.06982421875},"Standby":{"Y":4626.79296875,"X":3771.941650390625},"NearbyEnter":{"Y":2248.595947265625,"X":1846.896484375},"LeaderEnter":{"Y":1880.44873046875,"X":1850.66796875},"ThrowBallRoleShow":{"Y":3934.18505859375,"X":2854.65380859375},"NpcAutoEscapeSelect":{"Y":5046.77294921875,"X":4506.54248046875},"PlayerSkillEscape":{"Y":1071.2000732421876,"X":854.7784423828125},"PVPEnter":{"Y":5482.3623046875,"X":2858.859375},"SwapPlay":{"Y":1685.870361328125,"X":5068.4404296875},"WorldLeaderRoleShow":{"Y":733.472412109375,"X":419.1783447265625},"EnterPerform":{"Y":2564.00927734375,"X":1184.3056640625},"ThrowBallReconnectEnter":{"Y":2011.2110595703126,"X":2854.61865234375},"LeaderReconnectEnter":{"Y":3306.77392578125,"X":2851.87646484375},"Init":{"Y":3650.404541015625,"X":206.13909912109376},"NearbyReconnectEnter":{"Y":4897.8671875,"X":2861.076171875},"PVPRoleShow":{"Y":6158.2548828125,"X":2854.33203125},"EnemyNpcEscape":{"Y":2143.921142578125,"X":5122.9521484375},"LeaderRoleShow":{"Y":1234.9659423828126,"X":2861.11328125}},"RoundSelectFsm":{"Y":1087.5733642578126,"X":-408.35595703125,"SurrenderState":{"Y":522.9302978515625,"X":492.1448974609375},"NoneState":{"Y":1155.3310546875,"X":125.11767578125},"ItemState":{"Y":730.3524169921875,"X":118.0416259765625},"SwapState":{"Y":841.2203369140625,"X":110.61962890625},"CatchState":{"Y":1448.9620361328126,"X":132.625},"EscapeState":{"Y":1002.1732177734375,"X":123.32470703125},"SkillState":{"Y":1310.5496826171876,"X":127.25048828125}}}